Industry,01-04-2021,05-04-2021,06-04-2021,07-04-2021,08-04-2021,09-04-2021,12-04-2021,13-04-2021,14-04-2021,15-04-2021,16-04-2021,19-04-2021,20-04-2021,21-04-2021,22-04-2021,23-04-2021,26-04-2021,27-04-2021,28-04-2021,29-04-2021
Accident &Health Insurance,73.24999809100001,73.640001301,72.920001027,73.180000305,74.12000179,75.20000362,75.80000305,75.06000328,74.490001683,74.129997255,74.60000038,74.87999725,75.83000279,79.34000302,76.66000271,79.16000176,77.38000106999999,75.46000194999999,74.9100008,72.50000191
Advertising,426.960005555,434.4800071530001,430.16999886700006,427.89000797399996,427.48000649799997,427.070004688,426.43000431400003,423.44999721799996,426.73999924700007,429.12999842299996,431.50000739200004,429.98000589200007,424.37999695900004,429.690003185,432.1849932579999,437.75999638999997,448.330001842,452.32999973200003,454.18998670599996,466.21999148599997
Aerospace,221.55999949800002,223.10999967200001,218.46000270000002,214.82000394199997,217.41000481799998,216.620002984,213.72000021899999,214.369999855,212.490003077,211.36000025,210.420001238,206.97999977400002,203.69000450800002,208.50999996299998,211.45999861099997,214.90000249599998,216.23000202500003,214.32999725,213.200000743,211.600001102
Agricultural Chemicals,3.720000029,3.779999971,3.789999962,3.779999971,3.799999952,3.799999952,3.7699999810000002,3.589999914,3.75,3.75999999,3.789999962,3.8800001139999996,3.910000086,3.839999914,3.950000048,3.839999914,3.8800001139999996,4.0500001910000005,4.099999905,3.8299999239999996
Air Freight/Delivery Services,547.6899986599999,553.42000388,556.3499965599999,549.5599938199999,548.8399906499999,547.18000405,535.96999938,535.13000109,536.05999568,534.4500046100001,529.73999787,525.5500012000001,502.90999796000006,517.9899997,510.60999673,527.08000185,533.0900019899999,531.2600041000001,523.9700069300001,528.04999736
Aluminum,128.3799973,129.47999955,125.74000259,124.56000133999999,126.87999824,125.98000341,125.23000048000002,125.54999633999999,128.29999728,130.09000203,132.01999858000002,127.9800034,123.81000229,128.29999924,125.66999819000002,128.76000313,132.70999713,135.77000046,140.37999729,136.30000113
Apparel,121.149998446,124.45999862899998,124.700000753,123.27000091500001,122.66999913999999,125.01999998499998,124.209999559,122.989997892,124.25000233899999,124.33999921199998,126.71000190999999,126.85999826800001,124.03999926399999,126.65999774599999,127.92999936199999,129.899997985,127.75999661499999,130.02000232,129.429996923,129.960001439
Assisted Living Services,28.61000061,28.63999939,28.43000031,28.29000092,28.29000092,28.80999947,28.76000023,28.5,28.80999947,28.79999924,28.98999977,28.5,27.93000031,31.62000084,31.17000008,31.95999908,31.69000053,31.28000069,31.19000053,29.93000031
Auto Manufacturing,753.77999878,785.0099868799999,784.46999357,763.4399719200001,776.6399841399999,770.38002011,797.26998142,857.0400085199999,825.84998325,833.87997438,834.7000274699999,807.9800033700001,811.0899886700001,837.74999235,811.90000148,822.7500228700001,831.54000854,796.0199889800001,785.08002471,768.90000153
Auto Parts:O.E.M.,313.429995282,313.12000204099996,314.019999057,309.919999851,309.009997873,312.190003603,312.41999819,308.799995369,313.690001249,314.71000054500007,317.259993032,316.039996429,309.439995303,319.2799983,315.67999697199997,317.949996916,305.090001114,302.04999995000003,305.97999452899995,302.880000066
Automotive Aftermarket,60.31000137,61.539999,61.09000016,61.55000114,61.61999893,62.00000191,62.03999901,60.95999908,61.640001299999994,62.21000099,62.40999985,62.73000145,61.13999939,62.300001140000006,61.9299984,63.26000214,62.960001,63.56000137,63.60000038,64.53000069
Banks,411.80999851,411.3300018400001,410.68999959,406.50999642000005,407.79000185999996,407.92000198999995,409.25999927000004,404.82000349,406.65000342,408.11000443,407.85000324,404.6900005299999,398.1800031699999,401.53999805,398.23999977999995,406.58999823,407.22999667,407.79000091999984,410.09000111999995,411.89000224999995
Beverages (Production/Distribution),437.720014549,446.51000590999996,447.889989906,448.919989597,454.13000106199996,455.609994899,454.98998550000005,452.94000912900003,454.39999580899996,459.09998795099995,466.30998707799995,471.84000871300003,467.489991153,475.18999955300006,474.93001274600005,475.7300091190001,469.59000109100003,461.109992067,452.75001521,456.64001079
Biotechnology: Biological Products (No Diagnostic Substances),1452.260008943,1457.310005291,1456.274985335,1430.849988115,1447.040034567,1445.2600127590001,1421.279987898,1470.820009306,1483.570011745,1499.549983641,1515.0399979909998,1491.240004826,1468.0300005849997,1513.780002677,1505.8300024689997,1523.209994531,1570.710000921,1598.5700073900002,1585.0499860070001,1555.2999907730002
Biotechnology: Commercial Physical & Biological Resarch,842.2400167839999,848.0099945070001,848.6400074459999,831.399989857,833.2600067170001,827.399997639,817.9500011750001,829.8399936629999,832.4899881690001,852.9299947440002,855.6199811739998,852.729999517,858.5499882400001,870.950002841,872.749985052,885.930016432,895.4000116960002,890.505998805,888.679991227,884.970014825
Biotechnology: Electromedical & Electrotherapeutic Apparatus,277.660000354,282.540005248,282.799999262,281.71000190600006,287.22999051700003,285.39999624899997,285.109992534,282.960000527,280.779999688,283.339996834,280.780005442,276.07999805400004,272.070001574,280.31000514699997,280.569997829,280.48000574299994,284.400002466,283.330001849,284.320001558,286.189997178
Biotechnology: In Vitro & In Vivo Diagnostic Substances,867.7299818739999,876.920002234,870.2199959689998,860.419995299,872.260008095,869.700004786,872.969998196,890.680008853,889.6999852290002,901.940023728,909.540003874,895.3900131070002,896.6600177830001,910.6100244289998,920.490006459,928.629977558,934.429983696,929.4599782670001,926.199997942,917.2300063480001
Biotechnology: Laboratory Analytical Instruments,376.32999612599997,381.51001448599993,385.910013647,381.829993295,385.20000167899997,386.329998061,385.2400083340001,388.980016246,388.09000162399997,387.89000749200005,386.88001104399996,381.660008883,379.619995636,383.91999864,382.379990105,389.519997558,392.450010777,391.63999083199997,390.39001031900006,389.14999818600006
Books,47.95999908,49.489999780000005,49.16000176,47.38000106,47.75,48.049999240000005,48.30000114,48.72999954,49.58999825,49.5,49.63000107,48.85000038,47.75,47.81999969,47.45999908,48.51000023,48.119998929999994,48.59000016,48.45999908,48.79000092
Broadcasting,369.19999976300005,367.16000586099995,372.1600055640001,373.2800061589999,374.82999394899997,378.049992808,378.939998387,374.699993136,376.410008672,379.925001875,383.62499907599994,383.08999899,378.1999927999999,387.16999649,386.510005203,387.079998731,387.210003102,385.5999961140001,382.689999388,381.85999538999994
Building Materials,66.26999664,70.48000336,65.01000214,65.12000275,65.65000153,66.59999847,66.72000122,63.27999878,65.12000275,64.90000153,66.0,65.59999847,61.83000183,63.63999939,62.75,63.75999832,65.55999756,64.52999878,63.31000137,65.08000183
Building Products,298.76000070000003,302.760000723,302.030000196,297.049999948,296.919996691,298.010000237,296.34999889700003,292.9799995429999,291.920007216,289.06999947800006,293.100002501,290.81999302400004,284.420002736,289.620002027,295.840001152,311.79999775400006,314.13999483199996,309.10999698999996,302.070000181,303.840003905
Building operators,34.779999733,34.050000664,34.090000865,33.70000076,33.790000674,33.810000894,33.50000095,33.680000067,33.740000009,33.75,33.640000105,33.620000124,33.55000019,33.53000021,33.470000267,33.660000086,33.72999978,33.819999933,33.890000105,33.679999828
Business Services,1564.6899948120001,1578.6300134879998,1571.6649846520004,1557.3999860600004,1572.5600108939996,1580.620019259,1580.930002615,1588.567017227,1575.919990702,1591.679972748,1585.7400037329999,1571.7699898159997,1559.9500197360003,1581.8130024100003,1585.4829903860002,1605.5300167999997,1601.729979262,1608.199998353,1590.3899908839999,1600.3299987810003
Catalog/Specialty Distribution,4850.44999695,4908.79992993,4948.380105550001,4991.799892839999,5060.54004687,5136.2099297800005,5152.45991708,5183.65995008,5063.5600570999995,5162.4300686100005,5174.70994349,5117.65000153,5037.87997188,5111.0900042,5042.95000076,5115.15991974,5205.860008469999,5197.56986995,5257.229997639999,5238.310039450001
Clothing/Shoe/Accessory Stores,310.78000065000003,314.22000318,316.15000342999997,317.49000172,322.41999621,328.82000349,328.65000153,324.80999757,329.55999942,330.76000783,330.15000347,324.37999537999997,314.42000008,323.03999897,325.34999463,332.51000784,323.2300014,329.68999675,331.92000201,332.93999484
Coal Mining,7.850000143,8.060000181,8.210000038,8.120000124,8.130000114,7.829999924000001,7.730000018999999,7.640000105,7.890000105,7.849999905,7.819999933,7.8699998860000004,7.7200002670000005,8.184999823,8.239999891,8.539999962,8.069999933,8.130000115,8.080000162000001,7.890000105
Commercial Banks,244.12999534300002,245.030006406,244.420002941,243.339999671,243.299996359,245.549997319,248.25000239199997,241.56000041200002,245.330003743,245.379998199,247.61999798600002,247.050001146,238.62000227699997,243.88000344900001,241.05999898700003,249.579998969,250.88000488699998,254.03999948,253.23000431199998,256.660002704
Computer Communications Equipment,3.589999914,3.74000001,3.6900000569999998,3.589999914,3.49000001,3.549999952,3.470000029,3.430000067,3.349999905,3.2300000189999998,3.1900000569999998,3.0599999430000002,2.9800000189999998,2.960000038,3.0599999430000002,3.200000048,3.25,3.180000067,3.1700000760000004,3.160000086
Computer Manufacturing,208.45999908,211.39000317999998,210.79999924999998,213.24000164999998,215.48000335,218.02000046,216.12000275,218.53999330999997,216.25999833999998,219.28000258999998,218.83000187,218.07999798000003,215.19000243,217.11000061,214.08000178999998,217.29000852000001,217.97999951999998,217.75999833,215.76000211000002,216.6999931
Computer Software: Prepackaged Software,5143.740015841999,5237.010009076998,5222.140018544001,5139.869959919999,5239.020009226,5282.930023862001,5297.340000684,5469.3499509270005,5319.510012927,5382.170016157,5316.290016153999,5176.255036605,5167.100038409999,5206.830050682001,5149.910029654002,5220.2700040770005,5317.6100129120005,5293.619976593999,5308.879978704,5229.700010364999
Computer Software: Programming Data Processing,219.6999969,222.28999330000002,226.5500031,222.0,226.7700043,219.66999819999998,214.1399994,216.55999759999997,216.25999449999998,210.2299957,213.55999759999997,209.89999390000003,207.9900055,214.6399994,214.55999759999997,220.94000240000003,216.46000669999998,216.39999390000003,215.83000180000002,212.28999330000002
Computer peripheral equipment,1036.009995553,1044.6499834380002,1035.3499942439998,1024.73999698,1049.5599899229999,1052.4600257719999,1040.730000943,1042.359992152,1037.0099931629998,1049.3000043700004,1060.149989464,1050.670003416,1030.4299931659998,1034.640006564,1026.2400030400001,1049.7899996,1057.3900137629998,1062.640000423,1052.430013239,1054.590002111
Construction/Ag Equipment/Trucks,177.32000161,178.52000237,178.20999813,173.36999606,174.69999694,176.60000038,178.70999813000003,174.17000008,174.77000235999998,176.71000099000003,179.23000145000003,179.26999855,174.30999660999998,176.3700018,175.27999878,178.82000351000002,179.82000255000003,180.13999461999998,179.92000102999998,175.18999767000003
Consumer Electronics/Appliances,128.47000051100002,129.399997716,129.359999429,126.68000029999999,128.810000901,126.37000083999999,122.130000348,122.279997592,122.48999976999998,121.95000219100001,120.23999964699999,119.510001647,116.630000474,122.28000223800001,121.52000117899999,123.059998751,125.680000423,125.170000442,123.419999607,124.140002848
Consumer Electronics/Video Chains,21.32999992,22.12000084,23.25,21.07999992,20.93000031,21.69000053,21.36000061,21.42000008,21.78000069,21.01000023,20.65999985,19.29999924,18.27000046,19.04000092,18.96999931,19.5,19.80999947,20.37999916,20.68000031,20.64999962
Consumer Specialties,15.409999607,15.649999858,15.839999679,15.609999898,15.860000135,16.140000105,16.759999749,16.619999890000003,16.600000147,16.210000038,16.270000222,15.620000359,14.590000152,15.249999765,15.250000475,15.540000196,15.230000257,15.710000034,15.690000054999999,15.890000107
Containers/Packaging,94.57000350999999,93.61999893000001,93.52000046,91.77000046,92.11000061,91.84000015000001,92.21999740999999,91.61000061,92.25,92.4600029,94.43999862999999,93.61999893000001,93.47999954,94.26000214,94.72000122,94.22999954,93.24000168,93.26999664,91.5,92.66999816
Department/Specialty Retail Stores,793.65999406,807.40999979,803.18999099,796.10000813,801.70000273,803.9299946600001,799.0199947200001,803.90998838,793.4900244999999,803.46998406,809.4899978199999,799.4299793,794.9300021500001,803.31999208,798.9600182,803.20000083,792.79998401,802.34000398,798.52999873,810.3800048200001
Diversified Commercial Services,836.869992617,844.299991915,848.3100041129999,830.119993157,833.1499943509999,833.290003072,835.5599924580001,827.1900019630001,831.0099988670001,832.63499082,845.0599897629999,841.9099956729998,833.0760053209998,832.8459947460001,833.3290041880001,839.9470069199999,839.9099941559998,853.8400024680001,852.553003958,855.6360029319999
Diversified Financial Services,4.099999905,4.0,4.010000229,3.9800000189999998,4.010000229,3.950000048,3.950000048,3.950000048,3.950000048,4.0,4.070000172,4.110000134,4.179999828,4.239999771,4.389999866,4.360000134,4.269999981000001,4.289999962,4.289999962,4.3699998860000004
Diversified Manufacture,389.680004609,393.460005509,397.06999259899993,392.88000518200005,394.080000373,397.099995089,398.439995951,399.26998851100007,398.62000105,405.049996887,410.25999844700004,409.129998022,403.51000548700006,418.680005108,415.05000238799994,420.22999242899994,421.909990833,420.42000194999997,417.53999869399996,413.780006283
EDP Peripherals,2.069999933,2.029999971,1.9400000569999998,1.8099999430000002,1.8600000140000001,1.9400000569999998,1.7899999619999998,1.75,1.769999981,1.600000024,1.600000024,1.600000024,1.4700000290000002,1.7000000480000002,1.620000005,1.649999976,1.8600000140000001,1.74000001,1.679999948,1.7000000480000002
EDP Services,3645.369985185999,3680.379996935,3692.1599960060007,3649.179992809001,3693.1900259940007,3698.4400195210005,3694.0650074960004,3724.2499972460005,3712.840009015,3754.8000410980003,3746.8899927969996,3698.099988456,3646.5799788619993,3683.0300061460002,3687.4799922070006,3729.8099900900006,3809.2799974730005,3789.2099977900016,3771.7399919030004,3734.719984945001
Electric Utilities: Central,60.859998700000006,60.119998929999994,60.21000099,58.93999863,58.64999962,58.57000065,58.04000187,57.609998700000006,57.5900011,56.880001067,57.339999197000004,56.450001717999996,56.119998933,56.639998432000006,56.469998361,57.70999813,57.69999981,56.60000133,56.76000214,57.03000068
Electrical Products,939.3699961890002,941.72999617,948.669998211,921.7100031579998,932.4999921119997,927.250003556,920.049991096,914.1799947630002,910.6600030310001,904.5999929270001,912.669988337,880.9000131780001,864.9200055389998,901.1800086839997,910.8000068299999,939.1799922089999,956.0599946390001,956.970001034,935.5600043300001,918.41999737
Electronic Components,1038.1999990539998,1055.539996401,1046.399993649,1043.0900076930002,1052.040006644,1051.420012225,1041.009996201,1035.650010812,1032.76998449,1037.770012774,1036.779984031,1020.230006193,1003.3700148529999,1031.3000104120001,1019.459988349,1048.500014711,1064.8299899419999,1057.1799986379997,1052.6999802589999,1051.9899864330002
Engineering & Construction,91.25999832,92.23999786,91.6800003,90.36999893000001,90.56999969,90.90999984999999,88.95999909,85.52000046,86.41999817,87.29999924,89.3199997,88.13000106999999,86.15999984999999,87.62999725,87.06000137000001,88.95999909,90.39999771000001,90.27000046,91.2899971,91.65000152
Environmental Services,197.019999026,198.020000456,196.660004146,194.759994985,195.240002627,197.08000279600003,198.149997714,198.450000758,199.76000117400002,199.180003156,198.93999767399998,199.039998053,199.53000259600003,202.279999261,201.61000014,204.129997254,201.789995663,202.230004788,202.879993441,209.450004111
Farming/Seeds/Milling,62.94999956699999,63.350000613999995,63.180000785000004,62.099999668,61.679999827,61.199998855,61.000000242000006,61.240000251,61.670000550000005,62.390000103999995,62.62999892,62.950000529,61.99999929500001,63.489999772,63.440000298,64.309999473,64.809999704,65.569999936,65.489999291,66.510000475
Finance Companies,132.30999852,132.28999997,132.47000027,132.78999901,133.47999953000001,133.97000026,134.22999954,134.07999992,133.68999863,134.19000340000002,134.14999962000002,141.06999968,140.23999786,141.90000152000002,140.33999824,139.9499998,141.30000018,141.02999783,140.85999966000003,139.42000007000001
Finance/Investors Services,249.28000022199998,251.91999817299995,255.839999667,256.770002832,257.64000179399994,259.389998437,261.740001689,261.83999968,260.40000011899997,260.960000521,262.480000974,261.010000238,259.89000319800004,260.689998642,258.94000006799996,260.559999941,261.100000851,261.759997849,263.510001661,265.699999825
Finance: Consumer Services,922.059999417,917.250007221,918.100014175,923.479997632,925.340002057,927.270017596,932.7700062670001,928.7899852409998,927.409997435,939.1200017860001,949.2400064150002,932.0799899139998,930.925016925,932.159976478,929.289997087,944.2099919159999,957.669986655,972.9500183730001,984.359994962,954.07499983
Food Chains,303.06999965,307.28000452000003,306.08000183,301.64999387,304.68000029999996,306.14999961,306.22999575999995,304.87999915,305.06999397,308.35999871,311.37000845000006,311.77000048,311.01999472999995,311.0199966,308.79000470999995,311.09999086,308.460001,307.45999721,309.45999525,308.70000263000003
Food Distributors,163.08000184,168.96000099000003,167.32999992,165.57000161000002,166.20999908,167.6799984,171.79999924999998,171.61000061000001,170.17999648,172.54999733999998,174.75000190999998,170.26999855,165.67999648,171.94000244,170.76000214,171.06000042000002,170.04000093,171.09999943,169.67999934,169.69999694999998
Forest Products,77.33000183,79.30000305,80.11000061,78.88999939,79.72000122,80.12999725,81.04000092,78.77999878,79.56999969,79.55999756,81.05999756,79.91999817,77.43000031,78.27999878,78.62000275,81.40000153,83.76000214,84.93000031,83.44999695,84.94000244
Home Furnishings,140.26000167099997,142.69000077200002,145.76000047600002,143.969999319,144.52999997199998,146.509997116,146.89000224400002,145.06999993,143.11000036800002,140.96999692699998,142.130002977,141.38999748,138.37999845000002,140.89999770699998,138.709997899,140.22999644299998,144.150001536,149.54999970199998,156.12999748300004,155.93000007100002
Homebuilding,460.32000355,470.44998933000005,473.05000299,463.30999374000004,454.35999684,459.22999186000004,461.95000075999997,459.32999615999995,462.86999893999996,460.21000097,474.05000311000003,472.52000236000003,457.85999871999996,461.08999630000005,458.85998911999997,463.25998686,468.67000193,466.84000396000005,460.76998707999996,469.97000502000003
Hospital/Nursing Management,244.18999863,245.94000626000002,247.23000335,243.42999267000002,248.38999939,247.20999908,245.29000092,245.25,245.84000016,247.81999969999998,248.24999618,243.04999923000003,242.22999954,245.97999955,242.57000351,244.99999619,244.45000459,243.88000488,244.53000259,242.38000108
Hotels/Resorts,471.35001185,476.23000146,487.359992,478.83998783,485.92001245,477.38999841,473.73001094000006,475.35000804,473.70999337,472.6799975,474.76000408,468.98999598999995,457.29999827999995,469.84999182999996,471.93000132,475.77000042,479.47999760999994,488.59000299,492.6599989,487.90999989
Industrial Machinery/Components,3781.724961121999,3832.379984428,3796.809970399999,3764.290018162,3793.600019807,3789.890004868,3763.1800130139995,3751.7199980249993,3751.309989409999,3782.690020188002,3782.6200365209993,3713.319957100001,3652.3700170780003,3780.399999929001,3735.1100054549993,3830.9199801070004,3882.370003488,3868.1399868110007,3853.1800235210003,3828.1699235050005
Industrial Specialties,1276.1900037629998,1282.010010172,1294.930024699,1269.95001761,1295.47998646,1285.9799983470002,1280.559980156,1268.240006128,1273.779991003,1288.2199822010002,1287.340005485,1269.6399707800003,1253.360008626,1289.2700189890002,1282.950003,1295.1899915620002,1287.469990048,1290.080012366,1288.1699796189998,1277.4100342139996
Internet and Information Services,4681.17003224,4867.7100107999995,4855.68002347,4913.88995364,4942.969863830001,4980.409798029999,4922.9201619000005,4941.00996485,4910.59000776,4999.949920519999,4998.10000255,5004.619903419999,4983.80988735,4983.31013896,4927.579933749999,5028.909985140001,5053.30993279,5017.53010491,5162.95995694,5270.98991463
Investment Bankers/Brokers/Service,910.1900215439999,915.4899945530001,927.809992395,913.8700077670001,930.099979884,936.220002706,936.680021733,935.749992584,937.7200246199999,941.470025332,937.260020494,935.299996166,917.41999787,915.9749953260001,887.2000059779999,904.8999965309998,906.089993514,898.120002249,894.749985183,904.3899939119999
Investment Managers,844.000005675,862.9724004720001,863.4899900750002,857.179987411,868.839995833,878.440002775,880.1699991350001,871.4949765609999,861.674996701,868.4500183609999,867.3751077310001,857.6699915539999,840.440102857,854.330004872,843.629993421,855.359986641,840.099998895,844.619996542,866.829999606,868.669995767
Life Insurance,375.85000235300004,378.129985381,374.410002196,372.90000150000003,370.890009443,368.949996429,369.07000181499996,368.05000357200004,370.00999145300005,366.60000154700003,364.39999929100003,361.49000550000005,355.95000436600003,358.559991777,351.509998247,356.759999286,355.42999748500006,358.180007434,357.54000897199995,357.250008066
Major Banks,7425.810009010001,7463.974967592,7429.499966592998,7352.519974409001,7412.6899702249975,7466.449989765001,7495.689997650999,7370.380013684999,7464.92000746,7477.739986191999,7532.909980993001,7500.150026285999,7289.060027846,7451.420054199997,7374.960009368,7622.400007538002,7633.049993275997,7644.799995172999,7616.879986058995,7656.049997968003
Major Chemicals,120.730003598,114.409998063,116.239997276,112.139998319,114.040003178,113.339999318,108.959999446,109.81000018099999,112.28999757900002,108.200000766,112.299994946,108.050001378,104.320000412,106.06000006299999,103.03000044999999,105.099998712,108.16000032400001,108.23000025300001,107.95999955900001,107.80000067
Major Pharmaceuticals,4490.804957777999,4515.016004525999,4460.204997658998,4394.3579921650025,4409.934987925,4397.056032040998,4316.226974215,4357.450010489999,4421.922011838001,4466.399031013,4437.708997756999,4397.926969263,4408.954027205999,4478.987018097001,4445.137983448001,4446.569019713998,4533.953000086998,4485.5530226109995,4477.207989068002,4442.962993769999
Managed Health Care,338.949997878,335.92999454799997,336.040012352,332.12000466499995,334.45999338100006,338.22000404700003,338.020002358,339.04000187900004,343.13000395800003,343.27999399699996,345.36999317900006,344.319993958,341.449996495,344.56998922400004,348.419997188,350.919993391,354.44001004899997,355.40000148,354.88001156699994,358.08999728400005
Marine Transportation,111.48999952400001,111.950000166,113.99000156299999,116.90999865399999,116.27000260399998,116.149999859,112.579999559,111.209998136,113.589999668,111.81999981499999,115.46000122800001,120.879998673,117.05999886699999,128.85999786800002,123.909999618,129.260002142,132.29000055599997,133.83000017199998,133.24999987500001,130.79000043
Meat/Poultry/Fish,82.85999871,83.039999,83.35000038,83.32999802,83.19999885,82.91999816,83.04000092,82.7499981,82.61000061,82.75,83.20000077,82.83999825,83.5,84.34000015000001,84.09000016,84.20999908,83.25,83.19000052999999,85.5700016,85.11000061
Medical Electronics,81.519996168,81.720000744,81.950001239,79.95000172099999,80.920001983,80.799997326,81.489998342,82.630001549,82.160002235,83.029997822,83.730003832,83.530000215,80.479999537,81.90999651199999,81.300000196,80.190000534,81.170001983,79.809998508,79.40000153,73.16000318799999
Medical Specialities,609.0300101800001,615.730012365,645.4099912270001,627.4999895179999,631.3599900820001,631.279994948,626.9199928879999,633.63998938,629.350006545,636.2299948310002,630.774996747,632.9899921690002,625.6700081270001,636.889991787,642.4900140569999,654.499999972,660.8200068770001,652.859989655,644.6500119610001,637.75999454
Medical/Dental Instruments,3891.189995351001,3931.6899869979998,3958.769976299,3923.1200106489996,3976.5799842669994,4006.58000259,4002.629986169,4033.2299466830004,4020.4200550069995,4100.639957652999,4124.659995107,4073.23001286,4069.730024805999,4228.120004396999,4189.64001072,4230.990038391001,4217.469973343,4196.670054098,4218.550007893,4179.739978197999
Medical/Nursing Services,657.3499833,668.4200020100001,661.9099960000001,653.3700218500001,667.10998917,681.05998982,667.2500037599999,673.5200194900001,666.66999814,679.48999405,679.90999423,677.56000136,677.10001745,689.78998372,685.7300147899999,692.7400149800001,697.1800021500001,692.12998956,697.3400059,687.5299892500001
Metal Fabrications,388.379999652,393.08998917499997,390.43999429400003,383.920001525,384.819998267,389.159996522,387.99999284600005,383.579998446,386.41000108000003,388.840000373,395.109996303,387.51999829500005,380.86000175699996,389.839998206,385.899988682,395.090007086,396.86999941299996,398.76000069400004,398.300008327,399.900007926
Military/Government/Technical,589.2599997240001,592.49000543,593.290002872,588.5000051169999,590.8499885040001,592.799992282,594.64000148,578.600000758,578.039988216,579.419982958,579.329999476,570.740002651,561.690006758,565.589996724,567.169993335,574.760006131,572.5200060970001,569.5600039789999,568.410004683,562.200011794
Motor Vehicles,130.63000490000002,132.5,132.8000031,129.6100006,132.8500061,133.5899963,134.77999880000002,136.7400055,137.27999880000002,139.27999880000002,141.22000119999998,140.46000669999998,142.5599976,145.1499939,149.38000490000002,157.66999819999998,164.78999330000002,163.38000490000002,159.6100006,156.9900055
Movies/Entertainment,786.97997862,789.0199772860001,791.9400239830001,792.129994186,807.270021052,808.8100004089999,803.6000290009999,804.9399759390001,791.010017084,801.279972656,798.319981788,793.780002315,782.5400050629999,750.7699930699999,748.659995098,749.2699855670002,739.0599846880001,739.3699917970001,744.4499904939998,752.2899994800001
Multi-Sector Companies,27.470000263000003,27.160000324,27.540000436,26.909999850000002,27.219999794000003,27.15999985,26.940000062,26.450000281999998,26.039999957,26.230000014999998,26.630000119,26.159999845999998,25.149999617000002,26.060000416,26.050000192,26.789999486,27.120000368,27.320000176,27.43999958,27.469999787
Natural Gas Distribution,14.52000046,13.5,13.86999989,13.52000046,13.10000038,12.28999996,11.18000031,11.64000034,11.85000038,11.11999989,11.14000034,11.84000015,9.350000381000001,10.32999992,10.07999992,10.39000034,11.18999958,11.43999958,11.71000004,11.34000015
Newspapers/Magazines,323.82000730000004,317.0,329.0,318.980011,314.6600037,317.3399963,325.17999269999996,315.98999019999997,314.7999878,315.10000610000003,315.01000980000003,317.75,312.07000730000004,315.94000239999997,309.39001460000003,309.73999019999997,309.5499878,305.0,303.2000122,301.0
Office Equipment/Supplies/Services,134.16999864800002,134.319999696,135.570000173,131.83999681400002,133.850001341,131.700003624,132.179999823,129.70000124499998,130.470000267,128.110001091,127.610001557,125.70999908299999,124.04000283100001,127.809998985,129.330000404,131.38000203299998,133.680001745,134.72999859100003,134.98999929000001,136.460000508
Oil & Gas Production,267.94000244800003,261.659000517,258.330000053,255.819996705,253.88999582200003,254.72000133,251.64999544499997,254.04000091199998,262.099992747,258.510002256,253.81000184800004,257.009997364,250.369999291,252.350000023,255.969997767,256.039999729,258.360000014,259.11000179399997,266.799999358,268.00999629200004
Oil Refining/Marketing,403.94000383599996,408.15999488899996,404.279997312,396.84999798800004,399.36000185200004,402.08999398399993,405.68000384100003,402.71999695999995,405.239998549,410.04000281400005,410.370006327,404.559999923,402.4700021379999,400.919998688,400.37999460800006,403.439996691,397.129998634,395.12998695899995,393.04999562600005,403.030008312
Oilfield Services/Equipment,88.83999908399998,87.519999506,88.59000075200001,87.2699995,88.660001276,88.209999913,84.770000466,82.340000155,82.81000054900001,80.37000119199999,79.439999094,80.429999471,78.31000160100001,80.40000056699999,81.019999392,82.69999932099999,83.95000052900001,82.690000534,83.150001278,83.43999982400001
Ophthalmic Goods,105.7600021,106.58000179999999,112.5899963,110.1399994,114.9800034,115.9499969,114.08000179999999,115.6299973,117.0199966,119.8899994,118.20999909999999,117.6600037,118.8099976,128.8399963,130.1499939,133.8000031,135.4799957,136.13000490000002,137.13000490000002,139.16000369999998
Ordnance And Accessories,28.29000092,28.46999931,28.63999939,27.96999931,28.32999992,28.12000084,28.19000053,27.95999908,28.20000076,28.14999962,27.35000038,27.02000046,25.87999916,26.47999954,26.45000076,27.03000069,27.15999985,27.10000038,27.25,26.84000015
Other Consumer Services,565.96999364,566.35000422,567.2499961,558.3799934100001,564.43000986,561.41999243,558.3200111,555.09999661,557.6500129399999,561.8799972700001,573.4000111400001,569.31000136,566.4600105199999,574.14998817,572.55000114,572.60999685,572.7399922,572.12999917,556.67000576,563.9499969599999
Other Metals and Minerals,136.4499969,141.9799957,140.8899994,139.41999819999998,142.9900055,143.6000061,146.3999939,142.2400055,144.0,144.67999269999999,146.0,143.8000031,140.5,142.9499969,142.0,144.6000061,145.4900055,146.5,142.4499969,139.3999939
Other Pharmaceuticals,20.659999967,20.929999234999997,21.239999174,20.749999882999997,21.059999943,20.579999210999997,20.699999333,20.589999201999998,21.509999032,21.30999947,21.209999559,20.560000359,20.639999087,20.339999139,20.55000091,20.839999441,21.279999732,20.849999432,21.060000421999998,21.26000023
Other Specialty Stores,1166.04000472,1175.61000065,1177.9400025,1163.02000618,1164.09000302,1177.3200321299998,1185.34500116,1171.48002618,1173.2200087800002,1179.9999951599998,1196.58001896,1197.34001627,1186.52002623,1191.5800066800002,1189.8800134399999,1208.30998045,1210.5900000600002,1222.36002538,1215.66001126,1235.0699863300001
Package Goods/Cosmetics,86.32000255999999,87.41999626,86.09999943,85.57000351,85.97999954,86.23999881,85.97999668,86.08000278,86.75999737,87.06000042,87.17000103,86.44000244,85.15999889,90.74999714,89.4699974,91.10999775,90.19999885,89.88000298,89.10999679,89.00999832
Packaged Foods,304.70000457000003,307.20999332,308.75499722000006,310.68999477,313.18000605000003,311.9200077,312.58000179,312.27000044,310.73000720000005,313.82999419,314.22000502,314.98000339,313.96000676,318.68000413000004,316.76999662,313.44000247,312.18000411,310.93999481000003,310.5,314.93999481
Paper,14.61999989,15.05000019,14.98999977,15.64999962,15.89999962,15.77999973,15.68999958,15.40999985,15.68000031,15.78999996,16.0,16.20000076,15.71000004,16.30999947,16.05999947,16.86000061,17.27000046,17.37000084,17.13999939,16.79999924
Plastic Products,4.689999938,4.699999928,4.699999929,4.750000119000001,4.720000028,4.759999991,4.839999914,4.829999924,4.879999876,4.850000023,4.899999975999999,4.879999995,4.819999933,4.819999933,4.869999886,4.809999943,4.809999942,4.819999933,4.930000066,4.900000094999999
Pollution Control Equipment,11.049999952,11.07000041,11.089999675999998,10.970000028,11.059999703999999,11.059999942999998,10.569999933,10.300000190999999,10.339999915,10.179999829,10.069999933,9.980000019,9.7900002,9.919999837999999,9.839999914,9.899999857000001,9.980000019,9.940000057999999,9.850000143,9.929999829
Power Generation,10.64000034,10.67000008,10.68000031,10.5,10.56999969,10.35999966,10.34000015,10.43000031,10.30000019,10.17000008,10.07499981,10.10999966,10.14999962,10.14999962,10.26000023,10.32999992,10.32999992,10.27999973,10.44999981,10.51000023
Precious Metals,42.140000348,41.969998839,43.110000137,42.36999917,43.729999663,44.039999957999996,42.680000307,43.010000825999995,42.680001141,44.369999053,44.679999827,44.369999884,44.729998952,46.340000156,45.43999946300001,46.009998678,46.139999986,45.480000138,45.939999220000004,44.890000704
Precision Instruments,48.52999878,49.31000137,48.81000137,46.95999908,47.86999893,48.16999817,48.90999985,49.50999832,49.18999863,49.54000092,49.34000015,48.0,47.74000168,51.16999817,50.0,50.66999817,51.68999863,50.97000122,50.77999878,49.25
Professional Services,340.92999744,345.89000225000007,345.80000497000003,341.07999992000003,345.27000332,348.20999904,348.37999915,344.38000014,346.56999589000003,349.82999997,349.40000438000004,343.75999928,340.2000084,342.05999374,345.68999291,349.66999913,345.02999592000003,345.89000035000004,346.23000335000006,346.8299923
Property-Casualty Insurers,795.0299961690001,801.989991617,804.6399905300001,804.3900036509999,805.470002866,805.8300001299999,811.2799885069999,806.87998912,813.9499860210001,815.0100068820001,818.2000132989999,811.339997231,800.7800046460002,811.0599998599998,800.719994206,808.3299970440002,809.300003015,804.470005491,799.4899982579998,812.160007241
RETAIL: Building Materials,47.36999893,47.59000015,48.04999924,46.95000076,47.34000015,48.59999847,49.29999924,48.31999969,47.81999969,48.5,49.81000137,49.81000137,47.70999908,48.16999817,47.75999832,48.77000046,49.59999847,49.95999908,49.04999924,49.97000122
Radio And Television Broadcasting And Communications Equipment,162.99999998899997,165.730000846,163.760001423,160.429999355,162.23999989099997,163.32999766,159.759998323,160.61000144300002,160.34999990900002,159.700001604,161.860004193,160.64999962499996,154.400001052,157.02000189,156.510002256,158.190002325,160.60999905700004,161.550000314,163.63999879300002,166.290001279
Railroads,6.650000095,6.340000152999999,7.7899999620000004,6.679999828,6.25,5.9499998089999995,5.7100000379999996,5.230000018999999,5.289999962,4.840000153,4.679999828,5.489999771,4.909999847,5.239999771,5.159999847,6.670000076,7.079999924,7.25,7.340000152999999,7.1300001139999996
Real Estate,938.620005628,926.0099916120001,938.940012878,936.500006214,951.2199936090001,964.849991766,967.679988826,984.109999648,974.3500275639999,993.269983339,984.8799939370001,979.489999777,993.7299919390001,989.88000154,993.5700011179999,1014.39998153,1014.4400277179999,1017.7799873359999,941.9799742260001,959.17002539
Real Estate Investment Trusts,1468.6459918409998,1488.1979699360002,1492.1130131099999,1484.4990107449999,1483.2500108850004,1476.7430238729994,1487.562983494,1505.5200161740001,1491.5129955510001,1529.0099823189998,1521.7190046189999,1529.869972403,1544.0839595590007,1543.709007512,1537.090973329,1541.4739730409995,1546.4899656930004,1538.905006199,1534.2400129109997,1533.825995229
Recreational Products/Toys,853.1699955710001,867.990000668,871.9899925290001,866.1699933949999,871.0500073540001,882.489983764,896.429989352,888.880016006,885.420002693,887.24999191,900.0199874030001,895.350012073,886.5399947210001,888.6800121699999,918.1100037609999,928.709995533,926.3699962840001,935.400010089,923.450008606,932.460020282
Rental/Leasing Companies,688.45999908,696.289978,688.83998111,692.3399886700001,692.61000827,691.6100082199999,681.55000305,690.58998105,693.73999786,686.81000521,691.65000153,679.03000643,672.79001618,679.3300094399999,673.73002623,678.9199829,685.7900238499999,692.70999908,684.26002505,681.6300278199999
Restaurants,1014.5400063080002,1017.5500060069998,1027.069998584,1031.979996964,1035.689997419,1037.10999954,1032.6799940290002,1021.2699979969999,1030.3799926719998,1023.610003022,1027.3399878959997,1030.579988455,1005.2600139280001,1019.4100141580002,1029.5200081950002,1026.579991367,1020.610001461,1026.6300078930003,1033.7400015440003,1064.440007128
Retail: Computer Software & Peripheral Equipment,592.1399969680001,604.719999617,597.2800123190001,589.6400011879999,595.730001184,595.710004406,597.799999781,594.0100052849999,596.399997822,601.619999251,610.159987522,612.2399963680001,610.5200122130001,613.859993723,611.1100047580001,616.1699947109998,613.5200015159999,607.8399931519999,604.970002622,611.109992726
Savings Institutions,603.3600003759999,600.239997391,599.5600001789999,596.3399961090001,598.4399998319999,595.7600016579999,595.79999446,589.989992377,593.9999961679999,595.8400046869999,594.459998851,590.8400015889999,582.9100027200001,586.1699910149999,582.799998994,592.6100027770001,590.529994711,590.0199978229999,590.840002529,593.9100027300001
Semiconductors,5186.2699835620015,5282.740002052997,5243.820042678,5204.669944325002,5275.140008713001,5251.769980175001,5207.070016847998,5204.3099888219995,5156.110022836,5257.059994036,5235.459966801999,5106.9499786080005,5014.009974895999,5147.869965337999,5058.409972711999,5210.420051095999,5312.589999265,5261.590030176,5195.270001698,5178.8999831380015
Service to the Health Industry,260.869999908,261.055000744,260.16999795,258.019997309,261.459997622,259.40000080000004,254.52500533000003,254.64999909200003,252.71000198500002,257.150003479,261.90000437699996,255.939997701,252.919994629,251.13999794199998,251.629999118,255.65000199899998,259.13999815700004,253.239996919,253.85999800199997,247.48999973899998
Services-Misc. Amusement & Recreation,244.94999596999997,242.48000434000002,244.29999258999996,236.81000708,237.13000105,235.63000397000002,230.90999890999998,230.98000620999997,230.94000623999997,231.46000669999998,234.50000385,228.04000476000002,224.64000700999998,232.56999303000003,226.47000213,229.56999971,229.69000240000003,232.79999728,233.2799988,229.44000240000003
Shoe Manufacturing,196.58999824999998,201.17000199,201.83999634,198.0000019,196.09000014999998,197.48999786,201.74999428,195.97999955,198.30000115,197.04000091,199.92000199000003,195.97999763,190.55000113,195.55000687,200.99999809,205.66999817,204.05999375,217.79000282,211.37000465000003,215.97999953
Specialty Chemicals,67.890000705,66.710000153,67.10000158199999,68.31999921900001,68.490001208,68.430001378,67.730002524,66.45000064999999,69.14000094599999,69.980000018,69.070000166,69.309999468,70.70000172300001,71.920000913,73.030000331,71.170000082,87.360001197,86.920000791,88.650000215,87.52000093599999
Specialty Foods,431.60999728400003,436.52000191800005,435.37000557999994,433.94999498000004,433.90999830499993,430.179995494,435.459994916,434.41998991500003,434.99999530800005,435.33999542699996,440.050005348,439.51000658099997,439.0000030009999,443.469994763,444.129991188,446.14000461,437.479997304,433.77000346899996,430.820001634,439.089999519
Specialty Insurers,577.229988993,575.099996619,580.640005099,572.6599988840001,577.03000633,576.549999207,574.7399978450001,574.950002664,575.56001138,581.869986557,588.80000605,580.8099966020001,577.159992213,586.2000036869999,584.050011683,589.010005927,588.9900064929999,589.270006161,589.640011751,593.805004077
Steel/Iron Ore,217.150001057,220.22000025800003,216.999999993,214.56000233000003,209.560000425,211.53999806299998,211.019999971,207.44999934199998,210.870002267,210.96000051299998,214.10000228299998,212.380000599,209.049997792,213.63999891300003,210.200000271,215.269999509,221.04999781100003,221.78000594300002,222.72000075,223.14999722999997
Telecommunications Equipment,840.8650021670001,846.7400017550001,845.6550002289999,845.1050036090002,862.7249991289999,861.830012067,850.5399946849998,852.5099990190001,852.2000046579999,855.329999866,854.2200083489998,845.529995472,830.9700089780001,832.2100044670001,826.990001074,850.529996281,857.0500149179996,858.0400046400002,850.6799930360002,856.6400006860002
Television Services,1229.3400135200002,1206.25000578,1210.13002205,1199.9700107800002,1198.78997415,1190.6099786700001,1192.0799846300001,1197.8099698600001,1209.57997619,1227.8200034799997,1235.83998579,1232.4399690399998,1241.43000984,1256.22002411,1260.23999312,1261.44998262,1253.88001058,1255.69000904,1249.20996276,1279.83998298
Textiles,7.75,7.75,7.829999924,7.769999981000001,7.71999979,7.75,7.75,7.730000018999999,7.6999998089999995,7.679999828,7.730000018999999,7.730000018999999,7.7100000379999996,7.7899999620000004,7.760000229,7.7899999620000004,7.730000018999999,7.75,7.730000018999999,7.769999981000001
Tobacco,142.51999855,142.44000054,142.73500062,142.02999877,142.39999962,142.24300003000002,142.34399987,142.19000244999998,142.54000092,142.87999915,143.7800026,143.04999924,141.69999885,142.49000167,141.94000053,142.72999954,142.89999962000002,143.61999895,143.22999763,143.27000046
Transportation Services,61.22999954,62.63000107,64.20999908,61.72999954,61.79999924,62.70999908,64.16000366,64.5,65.06999969,65.70999908,66.87000275,67.36000061,67.44000244,66.80999756,66.05000305,67.72000122,67.33000183,68.98999786,69.51000214,69.12000275
Trucking Freight/Courier Services,1055.7599925499999,1070.85001571,1049.36999899,1045.00999645,1050.97998999,1061.5099888599998,1071.38001254,1066.31000519,1065.41999058,1074.1000137299998,1079.23000724,1064.33000758,1055.42000006,1052.66999435,1057.8399906599998,1068.99999997,1052.28999618,1065.3699827799999,1054.28000167,1071.9000073500001
Trusts Except Educational Religious and Charitable,140.6099978,142.38000293,141.39999963999998,142.98000142,142.78000255999999,144.86000059000003,145.42999937,144.50000092,145.6749973,143.91999915,142.2300034,141.64000420000002,142.64200301,143.75999836,145.64000126,149.40999796,150.5900021,151.85000037,151.89999576999998,154.21000293
Water Supply,368.22999954600004,371.659998894,372.27000236599997,365.84000205899997,367.58000185000003,371.6200056,372.76000020999993,369.88000488,377.0599966,379.2399921399999,381.25999929,376.9499998,375.330001825,377.83999919,375.18999863,379.6499996300001,377.48999595,374.18999673,373.17999840000004,381.81999874
Wholesale Distributors,99.26000237299999,100.359998706,101.11000204499999,100.16999936100001,101.329999926,102.75999807400001,103.939998863,102.72999881800001,104.1900003,103.430002214,104.909997944,100.76999854600001,98.999999049,101.10000086299999,98.769999509,102.809999466,101.68000173499999,102.57000113,101.429996962,103.30999971
